user_input,reference_contexts,reference,synthesizer_name
What happen in Amazon rainforest with clouds and wind?,"['To the human eye, the wind is invisible. It can only be visualized by proxy, by its expressions in other phenomena like blowing leaves,\n\nairborne dust, white-capped waters—or the patterns of clouds.\n\nAcquired in June 2014 by the Aqua satellite, this image shows a broad swath of the Amazon rainforest in Brazil and Bolivia as it\n\nappeared in the early afternoon. As sunlight warms the forest in the morning, water vapor rises on columns of heated air. When that\n\nhumid air runs into a cooler, more stable air mass above, it condenses into fluffy cumulus clouds.\n\nCumulus cloud streets often trace the direction, and sometimes the intensity, of winds—lining up parallel to the direction of the wind.\n\nUsually this means a straight line, but clouds can also line up along the concentric, curved lines of high-pressure weather systems,\n\nas they did here.\n\nE R E H P S O M T A\n\n4']","In the Amazon rainforest, as sunlight warms the forest in the morning, water vapor rises on columns of heated air. When that humid air runs into a cooler, more stable air mass above, it condenses into fluffy cumulus clouds. Cumulus cloud streets often trace the direction, and sometimes the intensity, of winds—lining up parallel to the direction of the wind. Usually, this means a straight line, but clouds can also line up along the concentric, curved lines of high-pressure weather systems.",single_hop_specifc_query_synthesizer
What atmospheric phenomenon is depicted in the Landsat 8 image from August 2016 off the coast of Mauritania?,"['You cannot see it directly, but air masses from Africa and the Atlantic Ocean are colliding in this Landsat 8 image from August 2016.\n\nThe collision off the coast of Mauritania produces a wave structure in the atmosphere.\n\nCalled an undular bore or solitary wave, this cloud formation was created by the interaction between cool, dry air coming off the\n\ncontinent and running into warm, moist air over the ocean. The winds blowing out from the land push a wave of air ahead like a\n\nbow wave moving ahead of a boat.\n\nParts of these waves are favorable for cloud formation, while other parts are not. The dust blowing out from Africa appears to be\n\nriding these waves. Dust has been known to affect cloud growth, but it probably has little to do with the cloud pattern observed here.\n\nE R E H P S O M T A\n\n16']","The Landsat 8 image from August 2016 off the coast of Mauritania depicts an undular bore or solitary wave, created by the interaction between cool, dry air coming off the continent and warm, moist air over the ocean.",single_hop_specifc_query_synthesizer
Wht is the role of the Acarí river in the cloud-filled valleys of Peru?,"['The valleys along Peru’s southern coast are among the deepest on Earth. They are also frequently filled with clouds. In July 2015,\n\nLandsat 8 captured this view of the cloud-filled canyons through which the Yauca and Acarí rivers empty into the Pacific Ocean.\n\nYou can’t see it, but the Pacific lies below the clouds on the lower left. The clouds are marine stratocumulus—a type of low-level\n\ncloud so close to the surface that it is essentially fog. Such clouds are a persistent feature off the coast of Peru and Chile,\n\ndeveloping most often during the winter and early spring. On some occasions, prevailing winds can push the clouds inland.\n\nBecause the marine clouds are low, they are easily blocked by coastal mountains and hills, such as the Andes. But in areas where\n\nlow valleys open to the ocean, the clouds move inland.\n\nE R E H P S O M T A\n\n8']","The Acarí river, along with the Yauca river, empties into the Pacific Ocean through the deep valleys along Peru’s southern coast, which are frequently filled with marine stratocumulus clouds.",single_hop_specifc_query_synthesizer
what happen in Bering Strait with clouds and ice?,"['Winds from the northeast pushed sea ice southward and formed cloud streets—parallel rows of clouds—over the Bering Strait in\n\nJanuary 2010. The easternmost reaches of Russia, blanketed in snow and ice, appear in the upper left. To the east, sea ice spans\n\nthe Bering Strait. Along the southern edge of the ice, wavy tendrils of newly formed, thin sea ice predominate.\n\nThe cloud streets run in the direction of the northerly wind that helps form them. When wind blows out from a cold surface like sea\n\nice over the warmer, moister air near the open ocean, cylinders of spinning air may develop. Clouds form along the upward cycle in\n\nthe cylinders, where air is rising, and skies remain clear along the downward cycle, where air is falling. The cloud streets run toward\n\nthe southwest in this image from the Terra satellite.\n\nE R E H P S O M T A\n\n14']","Winds from the northeast pushed sea ice southward and formed cloud streets—parallel rows of clouds—over the Bering Strait in January 2010. The cloud streets run in the direction of the northerly wind that helps form them. When wind blows out from a cold surface like sea ice over the warmer, moister air near the open ocean, cylinders of spinning air may develop. Clouds form along the upward cycle in the cylinders, where air is rising, and skies remain clear along the downward cycle, where air is falling.",single_hop_specifc_query_synthesizer
Could you provide detailed information about the Islands of the Four Mountains and their significance in atmospheric studies?,"['They are called the Islands of the Four Mountains. Part of the Aleutian Island chain, these peaks are actually the upper slopes of\n\nvolcanoes rising from the seafloor: Carlisle, Cleveland, Herbert, and Tana. Standing in one of the most remote reaches of the world,\n\nthese volcanoes have scarcely been studied. Satellite sensing makes that easier, as this Landsat 8 image from June 2013 shows.\n\nHerbert Island (right) is dominated by a symmetrical stratovolcano that stands in its center. The remote island has scarcely been\n\nstudied, and there are no records of eruptions there. The 2-kilometer-wide summit caldera include a lake of meltwater, remnants of\n\nthe snow that covers the peak for most of the year. The straight-down (nadir) satellite view can make it difficult to determine which\n\npart of the landscape stands taller than the other, a phenomenon known as relief inversion.\n\nOn the next page, you can see how a layer of low clouds and fog obscures the lower elevations of the islands and the sea surface.\n\nBut these clouds also hint at the complicated airflow patterns around and through the islands.\n\nE R E H P S O M T A\n\n28']","The Islands of the Four Mountains are part of the Aleutian Island chain and consist of the upper slopes of volcanoes rising from the seafloor: Carlisle, Cleveland, Herbert, and Tana. These islands are located in one of the most remote regions of the world and have been scarcely studied. Satellite sensing, such as the Landsat 8 image from June 2013, has made studying these islands easier. Herbert Island, for example, is dominated by a symmetrical stratovolcano with a 2-kilometer-wide summit caldera that includes a lake of meltwater. The islands' remote location and the presence of low clouds and fog hint at the complicated airflow patterns around and through the islands, which are of interest in atmospheric studies.",single_hop_specifc_query_synthesizer
How do glories and von Kármán vortices over the Pacific Ocean illustrate the Earth's interaction with the Sun?,"['A Glorious View Pacific Ocean\n\nA layer of stratocumulus clouds over the Pacific Ocean serves as the backdrop for this rainbow-like phenomenon known as a glory.\n\nGlories form when water droplets within clouds scatter sunlight back toward a source of illumination (in this case, the Sun).\n\nAlthough glories may look similar to rainbows, the way light is scattered to produce them is different. Rainbows are formed by\n\nrefraction and reflection; glories are formed by backward diffraction. From the ground or from an airplane, glories appear as circular\n\nrings of color. In this image, however, the glory is stretched vertically because of how the imager scans the surface in swaths.\n\nNote, too, the swirling von Kármán vortices visible to the right of the glory. The alternating rows of vortices form as air masses run\n\ninto an obstacle—the island of Guadalupe—and form a wake behind it.\n\nE R E H P S O M T A\n\n10', 'The astonishing thing about the Earth…\n\nis that it is alive.... Aloft, floating free\n\nbeneath the moist, gleaming membrane\n\nof bright blue sky, is the rising Earth, the\n\nonly exuberant thing in this part of the\n\ncosmos…. It has the organized,\n\nself-contained look of a live creature,\n\nfull of information, marvelously skilled\n\nin handling the Sun.\n\n—Lewis Thomas The Lives of a Cell\n\nE E R R E E H H P P S S O O M M T T A A\n\n2']","Glories and von Kármán vortices over the Pacific Ocean illustrate the Earth's interaction with the Sun in distinct ways. Glories form when water droplets within clouds scatter sunlight back toward the Sun, creating circular rings of color through backward diffraction. This phenomenon highlights the intricate ways in which sunlight interacts with atmospheric particles. On the other hand, von Kármán vortices are formed as air masses encounter an obstacle, such as the island of Guadalupe, and create alternating rows of vortices in the wake. These vortices demonstrate the dynamic behavior of the Earth's atmosphere as it responds to both solar energy and geographical features. Together, these phenomena underscore the Earth's complex and organized system in handling the Sun's energy.",multi_hop_specific_query_synthesizer
"How does the Earth demonstrate its ability to handle the Sun, as described by Lewis Thomas, and what tools have scientists used to study this interaction?","['Foreword\n\nof all celestial bodies within reach or view, as far as we can\n\nsee, out to the edge, the most wonderful and marvelous and\n\nmysterious is turning out to be our own planet earth. There is\n\nnothing to match it anywhere, not yet anyway.\n\n—Lewis Thomas\n\nSixty years ago, with the launch of Explorer 1, NASA made\n\nits first observations of Earth from space. Fifty years ago,\n\nastronauts left Earth orbit for the first time and looked back\n\nat our “blue marble.” All of these years later, as we send\n\nspacecraft and point our telescopes past the outer edges of\n\nthe solar system, as we study our planetary neighbors and\n\nour Sun in exquisite detail, there remains much to see and\n\nexplore at home.\n\nd R o w e R o F\n\nWe are still just getting to know Earth through the tools of\n\nscience. For centuries, painters, poets, philosophers, and\n\nphotographers have sought to teach us something about our\n\nhome through their art.\n\nvi', 'The astonishing thing about the Earth…\n\nis that it is alive.... Aloft, floating free\n\nbeneath the moist, gleaming membrane\n\nof bright blue sky, is the rising Earth, the\n\nonly exuberant thing in this part of the\n\ncosmos…. It has the organized,\n\nself-contained look of a live creature,\n\nfull of information, marvelously skilled\n\nin handling the Sun.\n\n—Lewis Thomas The Lives of a Cell\n\nE E R R E E H H P P S S O O M M T T A A\n\n2']","Lewis Thomas describes the Earth as 'marvelously skilled in handling the Sun,' highlighting its organized and self-contained nature. Scientists have used various tools to study this interaction, including observations from space missions like Explorer 1 and telescopic studies of our Sun and planetary neighbors. These tools have allowed us to gain a deeper understanding of Earth's dynamic systems and its relationship with the Sun.",multi_hop_specific_query_synthesizer
How has NASA's unique vantage point from space contributed to our understanding of Earth's complex systems and beauty?,"['This book stands at an intersection of science and art. From\n\nits origins, NASA has studied our planet in novel ways, using\n\ningenious tools to study physical processes at work—from\n\nbeneath the crust to the edge of the atmosphere. We look at it\n\nin macrocosm and microcosm, from the flow of one mountain\n\nstream to the flow of jet streams. Most of all, we look at Earth\n\nas a system, examining the cycles and processes—the water\n\ncycle, the carbon cycle, ocean circulation, the movement of\n\nheat—that interact and influence each other in a complex,\n\ndynamic dance across seasons and decades.\n\nWe measure particles, gases, energy, and fluids moving in, on,\n\nand around Earth. And like artists, we study the light—how it\n\nbounces, reflects, refracts, and gets absorbed and changed.\n\nUnderstanding the light and the pictures it composes is no\n\nsmall feat, given the rivers of air and gas moving between our\n\nsatellite eyes and the planet below.\n\nFor all of the dynamism and detail we can observe from orbit,\n\nsometimes it is worth stepping back and simply admiring Earth.\n\nIt is a beautiful, awe-inspiring place, and it is the only world\n\nmost of us will ever know.\n\nNASA has a unique vantage point for observing the beauty and\n\nwonder of Earth and for making sense of it. Looking back from\n\nspace, astronaut Edgar Mitchell once called Earth “a sparkling\n\nblue and white jewel,” and it does dazzle the eye. The planet’s\n\npalette of colors and textures and shapes—far more than just\n\nblues and whites—are spread across the pages of this book.\n\nWe chose these images because they inspire. They tell a story\n\nof a 4.5-billion-year-old planet where there is always something\n\nnew to see. They tell a story of land, wind, water, ice, and air\n\nas they can only be viewed from above. They show us that no\n\nmatter what the human mind can imagine, no matter what the\n\nartist can conceive, there are few things more fantastic and\n\ninspiring than the world as it already is. The truth of our planet\n\nis just as compelling as any fiction.\n\nWe hope you enjoy this satellite view of Earth.\n\nIt is your planet. It is NASA’s mission.\n\nMichael Carlowicz', 'Foreword\n\nof all celestial bodies within reach or view, as far as we can\n\nsee, out to the edge, the most wonderful and marvelous and\n\nmysterious is turning out to be our own planet earth. There is\n\nnothing to match it anywhere, not yet anyway.\n\n—Lewis Thomas\n\nSixty years ago, with the launch of Explorer 1, NASA made\n\nits first observations of Earth from space. Fifty years ago,\n\nastronauts left Earth orbit for the first time and looked back\n\nat our “blue marble.” All of these years later, as we send\n\nspacecraft and point our telescopes past the outer edges of\n\nthe solar system, as we study our planetary neighbors and\n\nour Sun in exquisite detail, there remains much to see and\n\nexplore at home.\n\nd R o w e R o F\n\nWe are still just getting to know Earth through the tools of\n\nscience. For centuries, painters, poets, philosophers, and\n\nphotographers have sought to teach us something about our\n\nhome through their art.\n\nvi']","NASA's unique vantage point from space has allowed for the observation and study of Earth's complex systems, such as the water cycle, carbon cycle, and ocean circulation, by measuring particles, gases, energy, and fluids moving in, on, and around Earth. This perspective also enables the study of light and its interactions with the planet, providing detailed and dynamic images that reveal the intricate processes at work. Additionally, this vantage point has highlighted the beauty and wonder of Earth, as seen in the inspiring images of the planet's colors, textures, and shapes, which tell the story of a 4.5-billion-year-old planet with ever-changing landscapes.",multi_hop_specific_query_synthesizer
"How do glories and von Kármán vortices over the Pacific Ocean illustrate the unique atmospheric phenomena observed on Earth, as highlighted by NASA's exploration of our planet?","['A Glorious View Pacific Ocean\n\nA layer of stratocumulus clouds over the Pacific Ocean serves as the backdrop for this rainbow-like phenomenon known as a glory.\n\nGlories form when water droplets within clouds scatter sunlight back toward a source of illumination (in this case, the Sun).\n\nAlthough glories may look similar to rainbows, the way light is scattered to produce them is different. Rainbows are formed by\n\nrefraction and reflection; glories are formed by backward diffraction. From the ground or from an airplane, glories appear as circular\n\nrings of color. In this image, however, the glory is stretched vertically because of how the imager scans the surface in swaths.\n\nNote, too, the swirling von Kármán vortices visible to the right of the glory. The alternating rows of vortices form as air masses run\n\ninto an obstacle—the island of Guadalupe—and form a wake behind it.\n\nE R E H P S O M T A\n\n10', 'Foreword\n\nof all celestial bodies within reach or view, as far as we can\n\nsee, out to the edge, the most wonderful and marvelous and\n\nmysterious is turning out to be our own planet earth. There is\n\nnothing to match it anywhere, not yet anyway.\n\n—Lewis Thomas\n\nSixty years ago, with the launch of Explorer 1, NASA made\n\nits first observations of Earth from space. Fifty years ago,\n\nastronauts left Earth orbit for the first time and looked back\n\nat our “blue marble.” All of these years later, as we send\n\nspacecraft and point our telescopes past the outer edges of\n\nthe solar system, as we study our planetary neighbors and\n\nour Sun in exquisite detail, there remains much to see and\n\nexplore at home.\n\nd R o w e R o F\n\nWe are still just getting to know Earth through the tools of\n\nscience. For centuries, painters, poets, philosophers, and\n\nphotographers have sought to teach us something about our\n\nhome through their art.\n\nvi']","Glories and von Kármán vortices over the Pacific Ocean illustrate unique atmospheric phenomena observed on Earth. Glories form when water droplets within clouds scatter sunlight back toward the Sun, creating circular rings of color through backward diffraction. Von Kármán vortices, on the other hand, are alternating rows of vortices that form as air masses run into an obstacle, such as the island of Guadalupe, creating a wake behind it. These phenomena highlight the intricate and fascinating atmospheric behaviors that NASA continues to study and explore, emphasizing the uniqueness and complexity of our planet.",multi_hop_specific_query_synthesizer
